{"cameraMode":{"drawMode":0,"name":"Shaded","section":"Shading Mode"},"sceneLighting":false,"audioPlay":false,"sceneViewState":{"showFog":false,"showMaterialUpdate":false,"showSkybox":false,"showFlares":false,"showImageEffects":false,"showParticleSystems":false},"in2DMode":false,"pivot":{"x":3.9979054927825929,"y":-8.734347343444825,"z":11.455364227294922},"rotation":{"x":0.4404028654098511,"y":0.02961469441652298,"z":-0.014532630331814289,"w":0.8972076177597046},"size":13.92542552947998,"orthographic":true}