{"cameraMode":{"drawMode":0,"name":"Shaded","section":"Shading Mode"},"sceneLighting":false,"audioPlay":false,"sceneViewState":{"showFog":false,"showMaterialUpdate":false,"showSkybox":false,"showFlares":false,"showImageEffects":false,"showParticleSystems":false},"in2DMode":false,"pivot":{"x":2.0930497646331789,"y":-3.853482246398926,"z":8.268333435058594},"rotation":{"x":-0.5608607530593872,"y":-0.028055232018232347,"z":0.01902007684111595,"w":-0.827225387096405},"size":9.2213773727417,"orthographic":true}