{"cameraMode":{"drawMode":0,"name":"Shaded","section":"Shading Mode"},"sceneLighting":false,"audioPlay":false,"sceneViewState":{"showFog":false,"showMaterialUpdate":false,"showSkybox":false,"showFlares":false,"showImageEffects":false,"showParticleSystems":false},"in2DMode":false,"pivot":{"x":21.16486930847168,"y":0.97027587890625,"z":8.478164672851563},"rotation":{"x":0.22673757374286652,"y":0.47141849994659426,"z":-0.1268257051706314,"w":0.8427948355674744},"size":48.27842330932617,"orthographic":false}