{"cameraMode":{"drawMode":0,"name":"Shaded","section":"Shading Mode"},"sceneLighting":false,"audioPlay":false,"sceneViewState":{"showFog":false,"showMaterialUpdate":false,"showSkybox":false,"showFlares":false,"showImageEffects":false,"showParticleSystems":false},"in2DMode":false,"pivot":{"x":1.2620439529418946,"y":1.5361268520355225,"z":-1.9321497678756714},"rotation":{"x":-0.04269612953066826,"y":0.9154365658760071,"z":-0.10092981159687042,"w":-0.38725513219833376},"size":10.0,"orthographic":false}