{"cameraMode":{"drawMode":0,"name":"Shaded","section":"Shading Mode"},"sceneLighting":false,"audioPlay":false,"sceneViewState":{"showFog":false,"showMaterialUpdate":false,"showSkybox":false,"showFlares":false,"showImageEffects":false,"showParticleSystems":false},"in2DMode":false,"pivot":{"x":3.5044593811035158,"y":-4.201591491699219,"z":7.730597496032715},"rotation":{"x":-0.3926231563091278,"y":-0.08479443937540055,"z":0.03638291731476784,"w":-0.915065586566925},"size":16.72351837158203,"orthographic":false}